wavelength,measured_eclipse_depth,measured_err_lo,measured_err_hi
2.4575,0.0001076521224117,0.0001063767491652,0.000128673994654
2.4725,9.700478556803047e-05,9.628410853534812e-05,9.538270671726952e-05
2.4875,0.0001255758247892,0.0001095943942384,0.0001032955701175
2.5025,0.0001710399588594,9.480999110581816e-05,0.0001019533884363
2.5175,-5.492267753133412e-05,9.286840554466588e-05,9.433264584830126e-05
2.5325,5.272224007160752e-05,8.617787847410643e-05,8.787885752119247e-05
2.5475000000000003,4.7498364865339695e-05,8.951386432903889e-05,0.0001012844417309
2.5625,-5.4699285290944513e-05,9.068352212195548e-05,0.0001001344627548
2.5775,2.1084883952455263e-05,8.152221174447879e-05,8.387601022144474e-05
2.5925,-7.140112973816115e-05,9.381221322393886e-05,8.475084057965154e-05
2.6075,8.114716959453281e-05,8.250461687822523e-05,8.09141570190672e-05
2.6225,2.1843426105677165e-05,7.779419583575277e-05,7.583230350032538e-05
2.6375,6.97823988028375e-05,8.149150600633697e-05,8.24160663767625e-05
2.6525,-3.642318953165095e-05,7.371530682784905e-05,7.814626640735583e-05
2.6675,3.453453276544091e-05,7.339313971849733e-05,7.157710969705909e-05
2.6825,1.928331691241089e-06,7.697090244212788e-05,7.549308309797451e-05
2.6975,2.7264660183476983e-05,7.968520728631456e-05,8.465041659052302e-05
2.7125000000000004,-1.3182403111888112e-05,7.39453146035479e-05,7.700172466119313e-05
2.7275,0.0001283314727721,7.204612100408472e-05,7.009341017279999e-05
2.7425,0.0001549531891748,7.280764193763801e-05,7.53417827391e-05
2.7575000000000003,8.654294100082166e-05,7.506725831810652e-05,7.520138161517836e-05
2.7725,4.888304643828666e-05,8.282094182655668e-05,0.0001017605764357
2.7875,0.0001313071555139,8.510023101396285e-05,9.97089432105e-05
2.8025,3.78023703984949e-05,8.39561837916316e-05,9.487990098490512e-05
2.8175,7.424642380849398e-05,6.944136612822907e-05,7.098022975240601e-05
2.8325,7.366608608207344e-05,7.929520538694427e-05,8.024114095922654e-05
2.8475,0.0001315663305177,8.357099886139824e-05,8.06906216264e-05
2.8625,0.0001421045765558,7.834059965919375e-05,7.781078825199998e-05
2.8775,0.0002057011401483,8.56613963536e-05,8.59738472573e-05
2.8925,0.0001427758240064,9.623121240835316e-05,8.77058203496e-05
2.9075,8.741248917217501e-05,8.272370885746575e-05,9.6980624311025e-05
2.9225000000000003,0.0001945942500677,7.003749854940001e-05,7.151462830109998e-05
2.9375,0.0001365616696897,7.324597125192082e-05,7.688851611159999e-05
2.9525,0.0001341844570719,7.479916642482088e-05,7.78287275575e-05
2.9675,0.000200479939168,8.05431537751e-05,0.0001059044862663
2.9825,0.0001884352469039,7.37363716299e-05,7.941553753640002e-05
2.9975,0.0002920773488425,7.742625218569999e-05,7.95875239895e-05
3.0125,0.0001428866983299,7.281667603831925e-05,7.720995302019999e-05
3.0275,0.0002721054573449,7.724754344579999e-05,8.7157528912e-05
3.0425,0.0001549984599895,7.731477611374322e-05,7.75015971453e-05
3.0575,0.0002360389425391,7.325071483560002e-05,7.778443059100002e-05
3.0725,0.0001654907494461,7.741060549356739e-05,8.829429117869999e-05
3.0875000000000004,0.0002334893403241,7.203664085870002e-05,7.552980422299998e-05
3.1025,0.0001747855354057,7.44028589017e-05,7.344396555369998e-05
3.1175,0.0002530854946146,7.924826033549998e-05,8.450275112910002e-05
3.1325000000000003,5.33312079675393e-05,7.30392021631939e-05,7.690536793556069e-05
3.1475,0.0001549490958161,7.370702977772331e-05,9.259844710340004e-05
3.1625,4.004242392790382e-05,6.784028037147311e-05,7.027350324909619e-05
3.1775,0.0001742971385893,7.10583432157e-05,6.913051781760001e-05
3.1925,5.596396199038285e-05,7.213683553062281e-05,7.098463359721716e-05
3.2075,0.0002054688889727,6.72859424377e-05,6.83938548633e-05
3.2225,0.0002150176993278,7.03673915319e-05,7.48752677778e-05
3.2375,0.0001404999468753,7.264432244125267e-05,7.18533048453e-05
3.2525,0.0002166017309316,7.149321762449999e-05,7.400862337100003e-05
3.2675,0.000153666049068,7.836122070102242e-05,7.836277916250002e-05
3.2825,0.0002731745626846,6.771576592149998e-05,7.071782659030004e-05
3.2975000000000003,0.000184214461801,7.515252589120001e-05,7.522193549879997e-05
3.3125,0.0001734908396446,6.87778509761e-05,7.292062168919998e-05
3.3275,9.089025569238743e-05,7.179054785414747e-05,6.894271436521256e-05
3.3425,0.0001448265731493,7.210811212847326e-05,7.318862162860001e-05
3.3575,0.0001960458538486,7.327703594649999e-05,7.690060155359998e-05
3.3725,0.0001705959873794,7.02183258595e-05,6.84619829045e-05
3.3875,0.0001815099748434,7.250212038359998e-05,7.13361385452e-05
3.4025,0.0002642069441072,7.171295890509997e-05,7.13687566935e-05
3.4175,0.0002357252505316,7.413312585159999e-05,7.247761151369999e-05
3.4325,0.0002246286655293,7.69884557568e-05,7.605001760089999e-05
3.4475,0.0002667669034383,6.809070829050002e-05,7.092988252489996e-05
3.4625000000000004,0.000206442026897,7.286589967109999e-05,7.414949185950001e-05
3.4775,0.0001319049207391,9.071625556315056e-05,7.66247782703e-05
3.4925,0.0002353010688186,7.11305927433e-05,6.863116927739997e-05
3.5075000000000003,0.0001688879969644,7.84440871886642e-05,8.088252734390002e-05
3.5225,0.0002605881649537,7.861460551630001e-05,7.480368318519995e-05
3.5375,0.0003004936221561,7.3175928822e-05,7.24864170379e-05
3.5525,0.0002570582191639,7.170021661059999e-05,7.29493083052e-05
3.5675,0.0002155756123079,7.10595038675e-05,7.164730696900001e-05
3.5825,0.0002247522089093,7.592704978270001e-05,7.1375344698e-05
3.5975,0.0001765312485595,7.46829419815e-05,7.515327684449999e-05
3.6125,0.0003311294438484,8.207935973999998e-05,7.48554114496e-05
3.6275,0.0002460012921228,7.144190902279998e-05,7.213924501680002e-05
3.6425,0.0003239212267709,8.421377539629999e-05,7.905821810000004e-05
3.6575,0.000406332890663,7.89726955826e-05,7.932194146840002e-05
3.6725,0.0004534382832556,6.970162198889998e-05,7.106952562900006e-05
3.6875,0.0003587628035433,7.497662781879997e-05,7.453151171000002e-05
3.7025,0.0004432672861366,9.399039737669996e-05,0.0001399501983436
3.7175,0.0005574445879211,7.033312991599995e-05,7.165356376620004e-05
3.7325,0.0003458282599337,7.636956614860002e-05,7.492916416070001e-05
3.7475,0.0003753346290668,7.222066876650003e-05,7.358912898169998e-05
3.7625,0.0004405752717056,7.711973784780001e-05,7.828157003689998e-05
3.7775,0.0005392187857345,7.776846084359997e-05,8.508929816669999e-05
3.7925,0.0006128067186601,8.732084246479996e-05,8.236010279329999e-05
3.8075,0.0004303008813718,7.63512771248e-05,7.714012715050005e-05
3.8225,0.0004887236931723,8.49006995524e-05,8.21602987929e-05
3.8375,0.0006130608454766,7.95491620826e-05,7.979991941710004e-05
3.8525,0.000538905905934,7.887369541110004e-05,8.018724860829997e-05
3.8675,0.0006374963912109,7.461100052220005e-05,7.494205824410002e-05
3.8825,0.0005275815400303,8.295524444500006e-05,8.292432335109997e-05
3.8975,0.0006547966529087,9.763055705230004e-05,9.848938777909995e-05
3.9125,0.0008162974317904,7.878563033119994e-05,7.629502963690002e-05
3.9275,0.0007533718344222,6.936749228470007e-05,7.308453463229997e-05
3.9425,0.0008937427790904,7.529698474340008e-05,8.904729408719988e-05
3.9575,0.0008419383005155,8.75512842794001e-05,8.276669254609996e-05
3.9725,0.0007482449659035,7.203723666109995e-05,7.501064606549996e-05
3.9875,0.0008096800230361,7.36275215536999e-05,7.371036110850003e-05
4.0025,0.0007435744493392,7.247702084009998e-05,7.360621909790002e-05
4.0175,0.0009123680457644,7.253646135459992e-05,7.713697917040004e-05
4.032500000000001,0.0009400885750146,7.597930294350004e-05,7.201116950119994e-05
4.047499999999999,0.0008268385348185,8.09561082428e-05,8.20942345716e-05
4.0625,0.0009353189620958,7.84237454441e-05,7.965290007929987e-05
4.077500000000001,0.0008341512412604,7.430307810720003e-05,7.388647637110001e-05
4.092499999999999,0.0008661362531049,8.520755260979995e-05,7.905900866199997e-05
4.1075,0.0008548474029034,7.61642422989e-05,7.521093959699996e-05
4.1225000000000005,0.0008374182462273,8.111858953979993e-05,7.811892414090005e-05
4.137499999999999,0.0008986122771222,8.318863967369996e-05,8.306301372579998e-05
4.1525,0.0009753795421008,7.842203472689993e-05,8.360698861350005e-05
4.1675,0.0007432394558635,8.416394554869994e-05,8.478706028090008e-05
4.1825,0.0007174693785727,9.0698386095e-05,9.04769855682e-05
4.1975,0.0007397744134168,8.67831186019e-05,8.480633061899994e-05
4.2125,0.0005030157797592,8.60676075162e-05,8.562321902789993e-05
4.2275,0.0005942451344401,8.852373292010001e-05,9.05650258257e-05
4.2425,0.0005316713522905,8.499764593119998e-05,8.236074153270001e-05
4.2575,0.0004529062994442,8.241953028770001e-05,8.415669033349994e-05
4.2725,0.0005082698464986,8.068833502910004e-05,8.170734285959996e-05
4.2875,0.0003018687139874,9.745571510580002e-05,8.87733687875e-05
4.3025,0.0004842056564766,8.85063354574e-05,9.249011682699998e-05
4.3175,0.0004524352553625,8.748026573890004e-05,8.718516354519994e-05
4.3325,0.0005137956288864,8.551463901130006e-05,8.678686554409998e-05
4.3475,0.000748864420139,8.98152491934e-05,9.473371306659996e-05
4.362500000000001,0.000419815448956,9.656319631800004e-05,9.647187622430005e-05
4.3775,0.0004558152669004,8.878127873829998e-05,9.193497524950004e-05
4.3925,0.0004648698250774,8.754564817669999e-05,9.021145447350005e-05
4.407500000000001,0.0004672292203402,0.0001025018967047,0.0001008579366726
4.422499999999999,0.0008232427452673,0.0001047309124644,9.941970212570003e-05
4.4375,0.0007976630864218,9.93846652561001e-05,9.707261066339996e-05
4.452500000000001,0.0007556554585267,9.580886997070004e-05,9.414374227259992e-05
4.467499999999999,0.0007035922772942,9.99438669778e-05,0.0001010210447853
4.4825,0.0007320250424534,9.82037261357e-05,9.55339487484e-05
4.4975000000000005,0.0008136705989136,9.706126363979994e-05,0.0001021856712694
4.512499999999999,0.0007060576888728,0.0001128169829105,9.808224110640002e-05
4.5275,0.0007291715346484,0.0001222003019599,0.0001267623120562
4.5425,0.000867381740821,0.0001032741153142,0.0001069176520222
4.5575,0.0005381793544748,9.997579289279996e-05,0.0001034828800453
4.5725,0.0007761652529915,0.0001075390238657,9.955615258569991e-05
4.5875,0.0009469539938522,0.0001075756411212,0.000108995701917
4.6025,0.000862418830112,0.0001143617275386,0.0001369503826294
4.6175,0.000650203395053,0.0001017462446249,0.0001026788904874
4.6325,0.0006923539822543,0.0001070987278756,0.0001047404437806
4.6475,0.0008898229805806,0.0001097910977912,0.0001041395756677
4.6625,0.0008326099440863,0.0001063543116716,0.0001045155090167
4.6775,0.0005922392329995,0.0001098011885945,0.0001149932253785
4.6925,0.0006480197365702,0.0001087787506551,0.0001159387355236
4.7075,0.0009158199766559,0.0001181517467235,0.0001199804532798
4.7225,0.0007247595917642,0.0001158434545787,0.0001177384873592
4.737500000000001,0.0009281577977834,0.0001121978819342,0.0001139403894307
4.7525,0.0006897496894607,0.0001226242304638,0.0001189690173392
4.7675,0.000871449440597,0.000110967870236,0.0001090592711255
4.782500000000001,0.0007513883231094,0.0001143035507764,0.0001127702303251
4.797499999999999,0.0008632680218391,0.0001200302432782,0.0001149968793377
4.8125,0.0008601506902127,0.0001240783351156,0.0001286860136737
4.827500000000001,0.0008568594104286,0.0001220551074911,0.0001257780679112
4.842499999999999,0.0011113599265373,0.0001181355001693,0.0001164135050546
4.8575,0.0008170567506945,0.0001417942128182,0.0001261283533067
4.8725000000000005,0.0009130889863244,0.0001264415432025,0.0001209961263984
4.887499999999999,0.0008453128278765,0.0001187563913303,0.0001205724440076
4.9025,0.0010026334691508,0.0001262153694652,0.0001284719823876
4.9175,0.0009073635184153,0.0001434642143578,0.0001472782376423
4.9325,0.0010059810030981,0.000127774479636,0.0001255948159446
4.9475,0.0010657866812048,0.0001476140725265,0.0001463942238178
4.9625,0.0009265915593881,0.0001551467255979,0.0001536051283941
5.25,0.000985827845259,6.86257095299e-05,6.851149104969987e-05
5.5,0.0011843368981162,5.880720724679993e-05,5.8231562465500125e-05
5.75,0.0012796162132586,5.52695019712e-05,5.338087196070005e-05
6.0,0.0013861157704224,7.101134592379997e-05,7.058647601939998e-05
6.25,0.0014836966788316,8.825354036799985e-05,0.0001189261491401
6.5,0.0009821723749081,4.810830998819987e-05,4.968897174600006e-05
6.75,0.0013571213312081,8.117459470779998e-05,9.34186437529e-05
7.0,0.0012547149539881,9.21270682278999e-05,8.946628537789998e-05
7.25,0.0015963621398826,6.65622501433e-05,6.383316721310004e-05
7.5,0.0017137530592743,8.618248405349994e-05,6.874718827459998e-05
7.75,0.0015623314589408,0.0001522342526775,0.0001999839684923
8.0,0.001887571673436,6.233956070280018e-05,6.005111454989993e-05
8.25,0.002000991286991,6.900185768890011e-05,6.892714669950008e-05
8.5,0.0020578254306495,6.537291459690012e-05,6.36585631659998e-05
8.75,0.0022551580435714,7.021902731920012e-05,7.37447515291997e-05
9.0,0.0025402458865206,8.457145074989994e-05,7.948965468240017e-05
9.25,0.0028438978737912,8.133361786190037e-05,7.870486678729968e-05
9.5,0.0029777505452667,0.0001844747839702,0.0001657269624315
9.75,0.0030639720953543,8.631500908419997e-05,8.774993937069996e-05
10.0,0.003564465779793,0.000101791953637,9.668914894660034e-05
10.25,0.0033025475997288,0.000111211402432,0.0001367852527592
10.5,0.0030759270285219,0.0001347982937199,0.0001394725745041
10.75,0.003169944318594,0.0001384282300516,0.0001568745650008
11.0,0.0032204178100596,0.0001673933027216,0.0001702572465969
11.25,0.0033131394877671,0.0002060585992822,0.0001976293873898
11.5,0.0033957043554831,0.0002209412021118,0.0002185323035474
11.75,0.0035014698454962,0.0002614965844623,0.0002600318266307
