Kzz,Rp,Tint,C/O,[N/H],[O/H],[S/H],logg,f
9.359323318758429266e+00,1.002966389807526948e+00,1.873094657651603256e+02,3.705676799044698155e-01,9.661774013022608187e-01,-9.931186801095974737e-01,9.834173183727705769e-01,3.133086230886759083e+00,4.266954258356214780e-01
1.093072784154708188e+01,1.026339478414149964e+00,2.288461311626765564e+02,7.039599610928013451e-01,2.632947338296798279e-01,-4.099850127187771864e-01,1.172853620192416901e+00,3.150077818496382243e+00,5.969645176399005493e-01
8.673951114446222022e+00,9.845459842101408343e-01,3.180367943856531383e+02,1.010096856027616452e+00,8.782920364210726749e-01,1.338858762546119685e+00,-6.384740906340979905e-02,3.136185467238065794e+00,3.419762522203018129e-01
1.130480799882079168e+01,1.012837361455671381e+00,1.961085522395576959e+02,1.237190294381845135e+00,-1.834586733121377211e-01,1.480558424538496176e+00,-8.535884125716974857e-01,3.124523324482975539e+00,2.933986203808628401e-01
1.148661266990758101e+01,9.639254732587152485e-01,3.497204319908627781e+02,1.963701560784638644e-01,-7.599145073745272594e-01,5.988321310994348945e-01,8.288323073892565063e-01,3.129110497275484182e+00,6.661535109760268192e-01
8.945691078065854285e+00,9.693212667324858645e-01,3.129832219416412045e+02,6.469773661342439475e-01,-7.351787281148158826e-02,1.989095860515918801e+00,6.626342188823386437e-02,3.159241605373676265e+00,6.121669119514793200e-01
8.176950098661251332e+00,9.977115199003698809e-01,3.334207202388809037e+02,1.474522486555387424e+00,1.854516701447853855e+00,2.589476731581865643e-01,-8.261838404562624749e-01,3.151630302389575533e+00,4.641417848362866527e-01
1.065146039207712469e+01,1.018530348110671113e+00,4.402333061569361803e+02,1.390414483489339215e-01,1.427751389240403679e-01,1.962690674124669687e-01,-3.732854183440021956e-01,3.123100313151676577e+00,3.192928790703414843e-01
1.009811373857417749e+01,9.916697571551572610e-01,2.692792504608613058e+02,9.430808198384961205e-01,1.552268632192074449e+00,-8.323758711338631322e-01,6.726738608961868593e-01,3.189886446967077127e+00,4.144726740718294167e-01
1.047055271833504975e+01,1.059600088855005451e+00,2.538629031193613343e+02,8.050225127133301406e-01,1.819091189830963629e+00,-5.569509504887366624e-01,5.891086091529960100e-01,3.168704682160261576e+00,2.524384863808165069e-01
8.147805326527073788e+00,9.427053387239724414e-01,2.745141241144484070e+02,1.163812667990122840e+00,-4.107105978098104515e-01,1.149903946462783821e+00,-1.898789576705026683e-01,3.147222325324976033e+00,5.576652726488451339e-01
1.026164792521647584e+01,9.794712793708384435e-01,4.178797503464937790e+02,5.314352176387052706e-01,-9.473141904813857650e-01,6.745170871255992129e-01,1.964347370550819427e+00,3.140934107741349290e+00,6.255849434225724259e-01
9.839191933983562066e+00,1.001935588077305983e+00,2.188517652675960505e+02,1.118424149259965361e+00,1.343137321997810663e+00,4.683253631189989719e-01,4.575767748161814197e-01,3.144262792484060043e+00,5.677138147618618902e-01
8.785073831078793916e+00,1.008876321126299880e+00,4.206796967825705451e+02,9.366530334782036116e-01,1.218360097608214510e+00,-2.022518836827810196e-01,1.823672102216407076e+00,3.107352838489307434e+00,4.809330481419943348e-01
8.438624976437692382e+00,1.031674859622226270e+00,3.960328810423173991e+02,2.447082268595627275e-01,4.843612883002754721e-01,-2.707071456443057578e-01,1.336684461254533218e+00,3.163885746246913655e+00,2.796153449146376868e-01
9.198795215234692790e+00,9.484021537639472088e-01,3.803513316545697762e+02,4.836846528364303621e-01,-6.072424104463503003e-01,-8.587923205527914217e-02,1.602181190973447578e+00,3.142509440420024891e+00,3.596130763379002948e-01
1.102543982407482659e+01,9.757511388578131717e-01,1.685975470094097943e+02,7.697985277099510526e-01,7.310725930016195306e-01,1.583252810008481504e+00,-6.893430593504530357e-01,3.138337446519760210e+00,5.141465055528406936e-01
8.404549690122017580e+00,1.024184825086444706e+00,4.236409985098401307e+02,5.378621595894289564e-01,1.582194258696428157e+00,-4.392167531180901641e-01,7.058079867398183715e-01,3.145291907955399591e+00,2.580492528968835741e-01
8.929881204189383581e+00,9.970171224179502634e-01,2.606804587008065255e+02,3.498066063910516554e-01,-1.246699291463889692e-01,3.739418495979394130e-01,1.050581291238172454e+00,3.152661467055740019e+00,3.691973337610250372e-01
9.476532399223513536e+00,9.996804205154549150e-01,2.279730421757071781e+02,1.137505167430319819e+00,1.294848784966643240e+00,-1.842511980983477793e-01,8.884061276474608526e-02,3.130183125881786932e+00,2.584115945591433650e-01
8.904192134881467879e+00,9.923834748605970812e-01,2.827415988393373709e+02,9.658104432513993087e-01,1.277715341974501317e-01,-4.270189534787349750e-02,1.694564108843632066e+00,3.139912121145101764e+00,4.539758673998788852e-01
8.815622467672261209e+00,1.030868387379622719e+00,3.467313582463783632e+02,8.797411750242302153e-01,-4.939420370238284397e-01,1.855093102684232775e+00,-2.760010494951206095e-01,3.154280837705096374e+00,6.370160853694540881e-01
9.181901147067454971e+00,9.819474702373203190e-01,3.093901595771428674e+02,3.541231686568042658e-01,-7.863253121442309590e-01,1.957224754808443379e+00,4.880026227758664792e-01,3.173226179956012860e+00,5.467815351724054640e-01
1.078391557531837819e+01,9.766469908977112313e-01,2.550260457012456072e+02,1.308018905851703106e+00,9.262301377130417457e-01,5.347819975845604645e-01,-2.220551736823870304e-01,3.142065619177813574e+00,4.981782163196546431e-01
9.110520789852660783e+00,9.559745939959294336e-01,1.937449215649292285e+02,1.036546052144542873e+00,1.007240460111990643e+00,6.292208218408967824e-02,1.935401350608233706e+00,3.162210249965802689e+00,4.928756820665119998e-01
9.718496751001573841e+00,1.004163858877455517e+00,3.405284829265493727e+02,2.898228005815485231e-01,-8.683118172163467596e-01,1.096556316935358488e+00,1.132933719367321679e+00,3.161401871955181075e+00,2.973877373223148823e-01
8.345531424407155896e+00,1.023561372574243178e+00,2.014024470695323998e+02,6.348003977468704706e-01,-4.777665267674822136e-01,1.026215797276080366e+00,1.790807371561185413e+00,3.123969367411020492e+00,2.695121668719536179e-01
1.072826760986104944e+01,9.954935521399286280e-01,1.642860305119949942e+02,1.498356422102274932e+00,1.884552951934339582e+00,1.656103477582946404e+00,1.031543281985801919e+00,3.151476429395115630e+00,3.017867010092266655e-01
1.139332212539843425e+01,1.027544014693045460e+00,3.611860877705615849e+02,1.458448535870933371e+00,-6.567132005935978345e-01,5.028266695195879876e-01,1.626226090995442686e+00,3.128327910448712945e+00,6.216716745601829075e-01
9.256090209389130408e+00,9.788199569843990533e-01,4.154875892208857522e+02,5.618585221727822043e-01,1.703325419861019263e+00,-9.511463195542332327e-01,-5.327971360727217220e-01,3.167383477416668480e+00,3.516682400224142580e-01
1.082359104999210331e+01,9.190472383754512142e-01,3.320101712058595922e+02,4.122131190522765332e-01,1.453203411636746711e+00,-4.675493520872793241e-01,2.550070681433309616e-01,3.134619187697130105e+00,4.869668766626953360e-01
8.559365522879723187e+00,9.865189452138054538e-01,3.389531866487716343e+02,6.890961184524831973e-01,-8.811789372162593947e-01,4.189401047636378550e-01,1.110074916130955991e+00,3.152111996189868037e+00,3.121012554839610598e-01
8.057941167115915349e+00,9.772551215946079228e-01,1.800078106530043840e+02,2.970330141461277607e-01,1.057800708050345762e+00,1.726202946293992291e+00,1.901341862333824295e+00,3.149072650038363452e+00,4.789055407490198091e-01
9.302364865109598924e+00,9.611365762688532932e-01,4.336663554068768462e+02,1.360362718820865569e+00,-3.175294055033344165e-01,2.888881860807939184e-01,-3.623127170699971256e-01,3.164910238480708404e+00,5.261328172875179288e-01
1.042742907716502643e+01,1.016896352810856774e+00,3.869810314507809608e+02,1.213977366438485417e+00,1.937050870054186191e+00,1.265556131342641333e+00,1.570507654711126744e+00,3.135183000082625515e+00,5.879237248956408202e-01
1.010082350195434131e+01,9.713801369401646735e-01,2.383190220212665622e+02,1.359073533438775572e+00,3.302606755393497906e-01,-7.792875188236842998e-01,1.278724643393371885e+00,3.113091089446318183e+00,3.235837055529428019e-01
9.288918986027850266e+00,1.051524023983640310e+00,1.619122854039131028e+02,6.826557240920284597e-01,1.953009887076238016e+00,3.474323630669677865e-01,5.385910008212917433e-01,3.135302209202548873e+00,5.853303177363213816e-01
1.049243451705829422e+01,9.940964226764625877e-01,4.103322630168983096e+02,9.114858096054245795e-01,1.690947054362635704e+00,1.376172615733979310e+00,6.312226270043312937e-01,3.171985697157891693e+00,3.918309864450891244e-01
8.010027015822901220e+00,9.542420506281173997e-01,4.039661897246320450e+02,1.735037581630574088e-01,-6.319321319271709037e-03,-7.972643247654647158e-01,1.854520372743687417e+00,3.160618381564990642e+00,4.102108958282572049e-01
1.088690173490042490e+01,1.020024953362132170e+00,2.142359003474434758e+02,1.514738577610510450e-01,1.538104008148976742e+00,-2.271782480755638600e-01,1.649559827643269472e+00,3.131789725483669518e+00,6.473625462173704381e-01
8.460861234093703942e+00,1.041212392019369659e+00,3.942050602667187036e+02,3.375395149376235748e-01,-9.715149006878335269e-01,1.405246461966893623e-01,-9.321948615125362769e-01,3.171130655248704411e+00,3.397994176302676084e-01
1.037810729031396839e+01,1.005337779230836004e+00,3.730281250870860390e+02,7.174516243198891807e-01,1.820686533945652386e+00,3.057053648026721859e-01,1.281463687398020301e+00,3.156848894603574873e+00,5.724696813687146779e-01
1.066456318786384827e+01,1.047791210327325029e+00,1.844094220718335180e+02,1.232080682166997176e+00,6.210162432408914412e-01,-2.858422621352476600e-01,-7.957818905053553049e-01,3.148191922413491106e+00,5.230504809045553039e-01
8.748026685047266326e+00,1.004504384948909479e+00,2.491249305146113784e+02,1.419289294962739145e+00,-3.542640445146205685e-02,1.396721322858607284e-01,-7.142831431945275700e-01,3.132326592384663488e+00,4.571225543756153309e-01
1.019815152556897075e+01,9.656150388024523634e-01,2.916209433327164788e+02,1.293701519910265496e+00,-6.874050297069247417e-01,1.519365043461670339e+00,2.821082238360614891e-01,3.168150397500010484e+00,4.245741735846163545e-01
1.074518813839638831e+01,9.856883200931871869e-01,1.512406366888924936e+02,5.936005522015875835e-01,1.621664581255712001e+00,1.758653420871494344e+00,4.141859116109825045e-01,3.153390887984835800e+00,3.295917605753595492e-01
9.016121393258647032e+00,1.002640918356753508e+00,3.839422486849741176e+02,7.302705356152326965e-01,-3.041585640601257579e-01,1.528787701266788979e+00,9.226577353825349270e-01,3.149722703768567111e+00,4.623735573652221209e-01
8.524428288389955810e+00,1.045687976455798696e+00,1.735653772267217221e+02,1.234817100469105117e-01,-1.412992212600203690e-01,2.052668254842131557e-01,8.414738753148802708e-01,3.156213481971551271e+00,5.000364916690943629e-01
1.004448952508845139e+01,1.010228293710137670e+00,2.807600236548857424e+02,2.750285856424928843e-01,-5.551379716725136637e-01,-1.582500010013091485e-01,-8.967630407190863018e-02,3.178310119116650068e+00,6.564265837191955999e-01
8.276432459331921621e+00,1.012048773711900607e+00,3.886850733562889673e+02,3.859976151709608727e-01,5.249042702661910198e-02,1.936876383152373648e+00,1.936229113312502026e-01,3.155226576823684681e+00,3.348158125583640676e-01
1.001605420602302665e+01,9.607285691896456647e-01,2.206301623997201489e+02,9.157675801667495286e-01,1.665131780190867161e+00,-5.309115674199815782e-01,1.351610145850936640e-01,3.148830523427007755e+00,3.054856327878118227e-01
9.774098508711858813e+00,9.890163304127090882e-01,3.544682092059890124e+02,1.188476287947082044e+00,1.183277500100772706e+00,6.491489365757634467e-01,-7.372253649416975474e-01,3.130993620306071978e+00,3.877843383355707441e-01
9.065524622646993436e+00,1.019024288971252856e+00,3.284922294457958287e+02,1.090801726462625965e+00,-4.355671454565090972e-01,4.855687037864422351e-01,-3.051625612316435365e-01,3.127324622493821593e+00,5.925711646187477033e-01
9.446097311012373154e+00,1.057174254596968677e+00,3.770994805434786485e+02,4.235585347722071736e-01,5.939383232271173707e-01,-6.679273030801591293e-01,1.424316324102608444e+00,3.133667249681964417e+00,3.725233504944693297e-01
1.145108244033280798e+01,9.678283874311336410e-01,3.071942525539155895e+02,9.948362656489436739e-01,-2.424298798296067314e-01,1.175543210116710480e+00,-8.848727651457816146e-01,3.129023870703732779e+00,5.610118630007121521e-01
8.124024343725167796e+00,9.745023328959830922e-01,2.104873192339820207e+02,1.135017974488787829e+00,1.389496178609952448e+00,1.280978477350165345e+00,-9.401937836246068159e-01,3.153250740332004032e+00,5.763877250003726083e-01
9.646322134953139837e+00,1.040300531632150083e+00,3.246710881267488276e+02,8.682195688911407139e-01,3.828208618544430841e-01,1.894386886116461000e+00,-7.866214419618037246e-01,3.116716869087592379e+00,4.722132654636473914e-01
9.514242385374174660e+00,1.074852775385687798e+00,2.909042214338608119e+02,2.672780366067059599e-01,-7.902864239958886650e-01,1.217537465968103305e+00,-5.138509426218629272e-01,3.117713731135293820e+00,6.315645353332884904e-01
1.023581469144379597e+01,1.009689811604805865e+00,4.441517338470951017e+02,7.979486102458850372e-01,1.030153646807555390e+00,-7.152404204849613922e-01,3.600739769932093104e-02,3.137079665108460258e+00,2.874627297564455453e-01
9.371404416058178199e+00,9.837990561241383158e-01,3.676869724385032896e+02,2.267383268157205922e-01,6.848812234503300900e-01,-8.122104665403084844e-03,1.380725229697818968e+00,3.133761999712760371e+00,5.518643741536889413e-01
8.844360289180434265e+00,9.949114628268452831e-01,3.918016284791303860e+02,1.378082218231599709e+00,-5.230261294156473006e-01,7.793911008794482953e-01,-9.761058020581362404e-01,3.141126387997851044e+00,4.886679069102075612e-01
1.058177350921479132e+01,9.581292211922023405e-01,1.799261900885761634e+02,8.508867618519437848e-01,1.863205877753999484e-01,1.245492914567395637e+00,1.462423276235607972e+00,3.137574511693070889e+00,4.004564402125594391e-01
1.086680943621968964e+01,9.717898670161014829e-01,3.998411579809245495e+02,1.054798668958594865e+00,1.777401530703699883e+00,-6.070253401708244345e-01,9.587104006542639389e-01,3.176168836217524660e+00,6.597829725094591646e-01
8.567963938518214917e+00,1.068527515062405620e+00,4.069003581248512660e+02,1.248505561601938485e+00,-2.676737652372829235e-01,9.820308686811110022e-01,-1.063698429646382504e-01,3.136110397459160648e+00,5.200889864230822113e-01
1.108260751633660313e+01,9.903717800325335663e-01,3.224591409733934597e+02,1.040227745000188664e+00,2.171287283324294659e-01,1.436804113089079848e+00,-4.623742841090535682e-01,3.165746628595155432e+00,6.191356169048406466e-01
1.140347726763484282e+01,9.833155703537170833e-01,4.414154267195446550e+02,1.408124472825001527e+00,-9.324334848300270817e-01,2.383392933218320131e-02,-6.464226204069500881e-03,3.145994843466431767e+00,6.435741278001654297e-01
9.546195761637255472e+00,9.703039813566722849e-01,2.966474264045671703e+02,2.233642465072687711e-01,-6.132535645226824261e-01,-8.637810312768270382e-01,7.974544439333364210e-01,3.125917652196747554e+00,6.042611993488883337e-01
8.619767311641503227e+00,9.520724292030013913e-01,2.364579965219724045e+02,3.207424939662745222e-01,4.655953105434478267e-01,-9.014366959475628160e-01,1.239232102281848658e+00,3.147439382336838953e+00,4.352516114252842350e-01
9.799335058484446748e+00,1.006633242718809829e+00,1.566303097428179854e+02,1.444735493179274410e+00,8.516131960370931786e-01,1.819497003438842686e+00,1.570845789282262484e-01,3.143962848825079259e+00,6.018699185995968204e-01
9.988106550687266605e+00,1.037837696283623101e+00,4.316715777949424364e+02,4.933695264337432107e-01,1.316052422606334371e+00,1.125637284140837302e+00,6.099334917834648984e-01,3.130647507753678394e+00,6.161856175926836432e-01
1.016479079944718578e+01,1.011723182397204823e+00,3.054742048066665348e+02,1.441307336467976041e+00,1.148912367774643783e+00,8.038703803185609509e-02,7.698759371680525820e-01,3.139400268368562230e+00,3.571177615104840219e-01
9.861022917731041559e+00,9.802443440763667359e-01,2.769747084705805946e+02,5.126192103361222330e-01,1.097603454507663390e+00,-3.278965067170410697e-01,1.731294550415924949e+00,3.110995455575486623e+00,3.778154092667256325e-01
8.982153665844428758e+00,1.025452985454336829e+00,2.066673314335204168e+02,6.178779952802031517e-01,4.293138518915249335e-01,1.562499236621156751e+00,3.361807826771845420e-01,3.163601515612834092e+00,5.656210717493861395e-01
1.106877737351431179e+01,9.735308263225755931e-01,2.653010724973506171e+02,1.594407871664249021e-01,1.234013917536811000e+00,7.052770441906452970e-01,3.842601275858330556e-01,3.143599016416277703e+00,3.998140714046457544e-01
9.703661721537208962e+00,1.022179362190273944e+00,3.584752958223959922e+02,9.794621177839544224e-01,1.418405525512836274e+00,1.774772433070944899e+00,8.841610546581524233e-01,3.158040037280506862e+00,2.762522708114653613e-01
8.103653644659868149e+00,1.013571056626413780e+00,4.110605433643027595e+02,6.198959688609229080e-01,1.737792270661473015e+00,3.967653734070508698e-01,1.204588232642049839e+00,3.138854004132762832e+00,5.124616089281428533e-01
1.118474628499370205e+01,1.029704291576857722e+00,2.724143334862136498e+02,6.645395599988132007e-01,1.104454131093878910e+00,-6.265717274448660001e-01,1.089322675126894069e+00,3.146827075550187036e+00,2.730985505519033518e-01
8.715177494469607211e+00,1.033595196430200813e+00,2.310972652269941534e+02,8.322630978912154420e-01,8.069717933447633218e-01,-3.672895091643523235e-01,-6.383272527909492622e-01,3.126737022343744954e+00,4.197215101413442895e-01
8.660897371537096490e+00,1.017663518110586640e+00,3.653836799680722152e+02,1.284881167829167392e+00,3.745471202366357222e-01,8.170049655107562980e-01,1.495566093329216528e+00,3.141442258611531368e+00,5.343277873183018833e-01
8.355365993197683139e+00,1.036967361804445487e+00,2.476183494303950852e+02,1.172213522899371752e+00,-3.628015371746673434e-01,-9.359730817411701098e-01,1.525088138206766253e+00,3.140507270890624536e+00,5.793392041935910841e-01
8.281740919452941441e+00,9.959216134862531877e-01,4.490872102684840570e+02,8.878677177998266501e-01,-8.438775681455712441e-01,-3.758965288231503887e-01,7.123637315399966585e-01,3.119952107242625505e+00,6.395219250478607620e-01
1.133733749643385735e+01,1.008444805253964738e+00,3.157216985913320286e+02,7.844776972753070288e-01,8.755379944597274644e-02,7.211939511079172860e-01,-3.165854461613319959e-01,3.159750933240879078e+00,3.834126893270156100e-01
9.609131680555314858e+00,1.014396618620244217e+00,2.007832130609668297e+02,1.001718259747220063e+00,2.317923257922052116e-01,-1.218646413339666834e-01,1.783130106539173809e+00,3.157546325238774099e+00,4.073275607104559493e-01
1.034082582138984741e+01,9.873645829224908521e-01,2.610139598235209064e+02,1.078818168415826673e+00,9.165594413855111533e-01,1.400993699071758414e+00,1.998868133536609193e+00,3.150899068294586325e+00,6.539762383249547728e-01
1.100894190615540680e+01,1.000602313449610259e+00,4.285654695054548711e+02,1.345161993495704866e+00,-7.151067124620195115e-01,-5.121869236044362950e-01,-6.557101912984668601e-01,3.138687948356578605e+00,4.314572637720482939e-01
9.927829468242077127e+00,9.295725084083193979e-01,2.453463161510796624e+02,1.192916020285341272e+00,-2.100593233061940346e-01,1.355928421743736845e+00,1.724263001351182822e+00,3.158665550359915919e+00,5.414544034139379125e-01
9.148218789192366529e+00,9.897708229534056823e-01,3.012478439135441590e+02,5.737832755699472376e-01,1.974160566531939054e+00,8.339958530827953354e-01,-4.274433618704198690e-01,3.136972749496446777e+00,3.146851409441722147e-01
1.127531049668667151e+01,9.931367652831946113e-01,2.093118496977593850e+02,4.528489529652589551e-01,6.677835340817779297e-01,8.974401258518542868e-01,-1.446566660131350934e-01,3.154760579688025590e+00,5.450978585522991970e-01
1.121514928134796207e+01,9.988484909740240614e-01,1.905666166692617480e+02,4.710270162741343469e-01,7.834461436590032246e-01,5.884233561186646977e-01,5.055100711334468144e-01,3.148243858637697290e+00,4.382879760206880304e-01
1.125437015098381721e+01,1.000263595791124560e+00,4.362446275033488519e+02,8.185291504606977409e-01,5.097239755222218172e-01,1.629784193224093514e+00,8.901447422796109343e-01,3.146238207372272555e+00,5.045166247162716777e-01
1.111926989744606509e+01,1.015485066989562535e+00,2.996948634160444271e+02,1.271239907186213935e+00,7.589630893846464055e-01,7.619859085278477551e-01,-1.431353441877936117e-02,3.143382304316184594e+00,2.890954973757292601e-01
8.236583615947578707e+00,1.007279774408640138e+00,1.754365035095277108e+02,4.025632356619389673e-01,-5.476020331704933852e-02,1.048813265195338573e+00,-1.909996916161378344e-01,3.142601953312407215e+00,3.647162655586120295e-01
1.006197741404982970e+01,9.851013597630839946e-01,2.860351304719080190e+02,9.398436461660942820e-01,-4.324037013259105500e-01,-9.855861612902221403e-01,6.827906058482300367e-01,3.143014335691156624e+00,5.078766504336427179e-01
8.888042189848702535e+00,1.012980666507088179e+00,1.970947758483039820e+02,1.155604559666673747e+00,9.438352569031529526e-01,4.488957290446697890e-01,1.179253643864783818e+00,3.133342304030795500e+00,4.820030147283374533e-01
9.582106692664332570e+00,1.043053189416460746e+00,2.040271532577436346e+02,9.074101185096230537e-01,-7.387418333412894000e-01,-5.606740667481873164e-01,9.800241918065790703e-01,3.135931397939808463e+00,5.299401816386575259e-01
9.342960280242781579e+00,1.027774015084430781e+00,4.392740499277715003e+02,2.519582093426194769e-01,2.445586264272936461e-01,-9.144576326893449902e-02,1.881395172534540361e+00,3.170094989605616309e+00,3.469483390550063828e-01
8.187529672998348218e+00,1.008972797631337404e+00,2.670652390862645120e+02,1.009020630464617208e+00,-1.892841661812398879e-01,6.002667622958766103e-01,-4.921782946796171565e-01,3.144436997698098146e+00,4.639792176468733320e-01
